,precision,recall,f1-score,support
Maligno,0.75,0.782608695652174,0.7659574468085107,23.0
Benigno,0.7727272727272727,0.7391304347826086,0.7555555555555555,23.0
accuracy,0.7608695652173914,0.7608695652173914,0.7608695652173914,0.7608695652173914
macro avg,0.7613636363636364,0.7608695652173914,0.7607565011820332,46.0
weighted avg,0.7613636363636364,0.7608695652173914,0.7607565011820331,46.0
