,precision,recall,f1-score,support
Maligno,0.85,0.7727272727272727,0.8095238095238095,22.0
Benigno,0.8076923076923077,0.875,0.8400000000000001,24.0
accuracy,0.8260869565217391,0.8260869565217391,0.8260869565217391,0.8260869565217391
macro avg,0.8288461538461538,0.8238636363636364,0.8247619047619048,46.0
weighted avg,0.8279264214046824,0.8260869565217391,0.825424430641822,46.0
